Month_Num,Month,Predicted_Sales_Value
7,July,89754.33333333333
8,August,90903.19047619047
9,September,92052.04761904762
10,October,93200.90476190476
11,November,94349.7619047619
12,December,95498.61904761904
