Month_Num,Units_Sold,Total_Sales_Value,Opening_Stock,Month,Sales_Growth_%,Revenue_Growth_%
1,1473,82820,157.06,Jan,,
2,1448,83600,148.82,Feb,-1.6972165648336701,0.9418014972228939
3,1503,85720,140.94,Mar,3.7983425414364724,2.5358851674641247
4,1514,85900,133.47,Apr,0.7318695941450404,0.20998600093327102
5,1556,88435,125.59,May,2.774108322324964,2.9511059371362114
6,1514,87925,118.06,Jun,-2.699228791773778,-0.5766947475546957
