,count,mean,std,min,25%,50%,75%,max,range,cv
Units_Sold,102.0,88.31372549019608,61.60975562330614,7.0,19.25,90.0,138.75,210.0,203.0,69.76
Price,102.0,96.17647058823529,66.69413140342665,20.0,45.0,80.0,150.0,250.0,230.0,69.35
Opening_Stock,102.0,137.3235294117647,92.61708263242106,25.0,50.0,125.0,190.0,400.0,375.0,67.44
Total_Sales_Value,102.0,5043.137254901961,2404.0040775208645,900.0,3037.5,4462.5,7436.25,9500.0,8600.0,47.67
